text,audio
CUDA accelerates parallel processing tasks.,E:/speech5/datawav/output_0.wav
TTS converts written text into spoken words.,E:/speech5/datawav/output_1.wav
OAuth enables third-party applications to access user data.,E:/speech5/datawav/output_2.wav
REST uses HTTP methods for data retrieval and manipulation.,E:/speech5/datawav/output_3.wav
Algorithm: A set of instructions for a computer to follow.,E:/speech5/datawav/output_4.wav
Artificial Intelligence (AI) is the simulation of human intelligence in machines.,E:/speech5/datawav/output_5.wav
Bandwidth: The amount of data that can be transmitted.,E:/speech5/datawav/output_6.wav
Bug: An error in software.,E:/speech5/datawav/output_7.wav
Cloud computing uses remote servers for computing.,E:/speech5/datawav/output_8.wav
Cybersecurity: Protecting computer systems from attacks.,E:/speech5/datawav/output_9.wav
Data mining: Extracting information from large datasets.,E:/speech5/datawav/output_10.wav
The Internet of Things (IoT) is a network of connected devices.,E:/speech5/datawav/output_11.wav
Machine Learning: Training computers to learn from data.,E:/speech5/datawav/output_12.wav
The Software Development Life Cycle (SDLC) is the process of creating and maintaining software.,E:/speech5/datawav/output_13.wav
API (Application Programming Interface): A set of rules for software components to interact.,E:/speech5/datawav/output_14.wav
The back-end is the server-side of a web application.,E:/speech5/datawav/output_15.wav
The front-end is the user-facing part of a web application.,E:/speech5/datawav/output_16.wav
A database is a structured collection of data.,E:/speech5/datawav/output_17.wav
Debugging: Finding and fixing errors in code.,E:/speech5/datawav/output_18.wav
