[
    {
        "text": "CUDA accelerates parallel processing tasks.",
        "audio": "E:/speech5/datawav/output_0.wav"
    },
    {
        "text": "TTS converts written text into spoken words.",
        "audio": "E:/speech5/datawav/output_1.wav"
    },
    {
        "text": "OAuth enables third-party applications to access user data.",
        "audio": "E:/speech5/datawav/output_2.wav"
    },
    {
        "text": "REST uses HTTP methods for data retrieval and manipulation.",
        "audio": "E:/speech5/datawav/output_3.wav"
    },
    {
        "text": "Algorithm: A set of instructions for a computer to follow.",
        "audio": "E:/speech5/datawav/output_4.wav"
    },
    {
        "text": "Artificial Intelligence (AI) is the simulation of human intelligence in machines.",
        "audio": "E:/speech5/datawav/output_5.wav"
    },
    {
        "text": "Bandwidth: The amount of data that can be transmitted.",
        "audio": "E:/speech5/datawav/output_6.wav"
    },
    {
        "text": "Bug: An error in software.",
        "audio": "E:/speech5/datawav/output_7.wav"
    },
    {
        "text": "Cloud computing uses remote servers for computing.",
        "audio": "E:/speech5/datawav/output_8.wav"
    },
    {
        "text": "Cybersecurity: Protecting computer systems from attacks.",
        "audio": "E:/speech5/datawav/output_9.wav"
    },
    {
        "text": "Data mining: Extracting information from large datasets.",
        "audio": "E:/speech5/datawav/output_10.wav"
    },
    {
        "text": "The Internet of Things (IoT) is a network of connected devices.",
        "audio": "E:/speech5/datawav/output_11.wav"
    },
    {
        "text": "Machine Learning: Training computers to learn from data.",
        "audio": "E:/speech5/datawav/output_12.wav"
    },
    {
        "text": "The Software Development Life Cycle (SDLC) is the process of creating and maintaining software.",
        "audio": "E:/speech5/datawav/output_13.wav"
    },
    {
        "text": "API (Application Programming Interface): A set of rules for software components to interact.",
        "audio": "E:/speech5/datawav/output_14.wav"
    },
    {
        "text": "The back-end is the server-side of a web application.",
        "audio": "E:/speech5/datawav/output_15.wav"
    },
    {
        "text": "The front-end is the user-facing part of a web application.",
        "audio": "E:/speech5/datawav/output_16.wav"
    },
    {
        "text": "A database is a structured collection of data.",
        "audio": "E:/speech5/datawav/output_17.wav"
    },
    {
        "text": "Debugging: Finding and fixing errors in code.",
        "audio": "E:/speech5/datawav/output_18.wav"
    }
]
